model_name,lr,lora_r,template_type,best-val-epoch,best-val-f1,loss,accuracy,precision,recall,f1
rinna/japanese-gpt-neox-3.6b-instruction-sft-v2,0.0005,32,2,6.0,0.972675653985774,0.31981012095575745,0.9796195652173914,0.9777368541759694,0.9776445774827304,0.9775271926753373
rinna/japanese-gpt-neox-3.6b,0.001,32,1,7.0,0.9714318645388512,0.2791306454202403,0.9755434782608695,0.9724152726276595,0.9738750261536485,0.9730127556638624
rinna/japanese-gpt-neox-3.6b-instruction-sft,0.001,32,1,8.0,0.9744637209605678,0.24878821165665335,0.9755434782608695,0.9732493908790878,0.9726913122530654,0.972730121283728
rinna/japanese-gpt-neox-3.6b-instruction-ppo,0.0003,32,1,8.0,0.9749415170556315,0.01194865029791127,0.9755434782608695,0.9703188348020095,0.973691510312087,0.9717878006990937
cyberagent/open-calm-7b,0.0005,32,1,9.0,0.9721767440618394,0.4630058122717816,0.970108695652174,0.9675934574125561,0.9641708318193566,0.9655370120538438
cyberagent/open-calm-3b,0.0003,32,2,6.0,0.978706517497902,0.3900306121162746,0.96875,0.9637587728670183,0.9651366691204668,0.9642023118285358
cyberagent/open-calm-1b,0.0003,32,1,9.0,0.9354804772511817,0.4417938978775688,0.9442934782608695,0.9424439019277594,0.9380075831803892,0.939817312595081
