model_name,lr,lora_r,template_type,best-val-epoch,best-val-f1,loss,accuracy,precision,recall,f1
rinna/japanese-gpt-neox-3.6b,0.0005,8,2,9.0,0.9745265022260914,0.0001252619144709214,0.9714673913043478,0.9696909476867,0.9675000833840384,0.9683212865779591
rinna/japanese-gpt-neox-3.6b,0.001,64,2,8.0,0.9722178251982494,0.19521456179411514,0.9728260869565217,0.969571761239398,0.9684849090012144,0.9688862165533373
rinna/japanese-gpt-neox-3.6b,0.001,16,2,6.0,0.9720044802852491,0.2179690236630647,0.9769021739130435,0.9758731082778743,0.9726714879177705,0.9737736732633085
rinna/japanese-gpt-neox-3.6b,0.0003,4,2,3.0,0.9712207562574271,0.0030310957328132963,0.9769021739130435,0.9763959983056318,0.9723598222135378,0.9739662595223572
rinna/japanese-gpt-neox-3.6b,0.001,32,2,8.0,0.9692023837818683,0.32656831326692,0.9769021739130435,0.9751131471972203,0.9726814705282213,0.9735649694748739
